{
    "mean": {
        "E(LUMO-HOMO)_PM6[eV]": 9.762763718267154,
        "DipoleMoment [D]": 2.7815466597851684,
        "IsotropicAverageAlpha [A.U.]": 92.5581205993355,
        " AverageGamma [A.U.]": 1881906362.1903603,
        "INDOS-OscStr(CAS2-1)": 0.1780679153575691,
        "CI-Coef**2(CAS2-1)": 0.012490333919873553,
        "T1(CAS2-1) [eV]": 4.532285980384503,
        "nH": 9.188768104254702,
        "nN": 1.3212477016870423,
        "nO": 0.8006193348601658,
        "n5Ring": 0.509822263797942,
        "n6Ring": 0.42240572884745653,
        "nHeteroRing": 0.9468404245024354,
        "S1-2T1": -3.091829304938549,
        "S1-T1": 1.440456675445954
    },
    "stdev": {
        "E(LUMO-HOMO)_PM6[eV]": 1.4169775191718128,
        "DipoleMoment [D]": 1.4979689278383865,
        "IsotropicAverageAlpha [A.U.]": 44.49533448902833,
        " AverageGamma [A.U.]": 89961147557.47916,
        "INDOS-OscStr(CAS2-1)": 0.18276210284895694,
        "CI-Coef**2(CAS2-1)": 0.02212699830782805,
        "T1(CAS2-1) [eV]": 2.371194476934493,
        "nH": 3.937355532568625,
        "nN": 1.2048054665981236,
        "nO": 0.938835014149518,
        "n5Ring": 0.6250901453179929,
        "n6Ring": 0.5218244878570804,
        "nHeteroRing": 0.6348987707762981,
        "S1-2T1": 3.343249963711356,
        "S1-T1": 1.3313642366079825
    }
}